Address,Building_Number,City,Recipient,type_voie,Street_Name,Zip_Code,Country,repetition
"cent deux bis rue du 11 novembre 45400 Chanteau, France",cent deux,Chanteau,,rue,du 11 novembre,45400,France,bis
"2 bis rue de verdun 45000 Orléans, France",2,Orléans,,rue,de verdun,45000,France,bis
"un bis rue du général de Gaulle 45000 Orléans, France",un,Orléans,,rue,du général de Gaulle,45000,France,bis
"un rue Anatole France 45400 Fleury-les-aubrais, France",un,Fleury-les-aubrais,,rue,Anatole France,45400,France,
"Tech Innov, 9 Avenue des Champs-Élysées, 44000 Nantes, France",9,Nantes,Tech Innov,Avenue,des Champs-Élysées,44000,France,
"Supermarché Carrefour, 216 Avenue Montaigne, 31000 Toulouse, France",216,Toulouse,Supermarché Carrefour,Avenue,Montaigne,31000,France,
"Nathalie Dubois, 27 Place de la République, 69002 Lyon, France",27,Lyon,Nathalie Dubois,Place,de la République,69002,France,
"163 Place de la République, 33000 Bordeaux, France",163,Bordeaux,,Place,de la République,33000,France,
"30 Rue Saint-Honoré, 67000 Strasbourg, France",30,Strasbourg,,Rue,Saint-Honoré,67000,France,
"Pierre Lefevre, 51 Avenue des Champs-Élysées, 31000 Toulouse, France",51,Toulouse,Pierre Lefevre,Avenue,des Champs-Élysées,31000,France,
"Pierre Lefevre, 61 Boulevard Saint-Michel, 35000 Rennes, France",61,Rennes,Pierre Lefevre,Boulevard,Saint-Michel,35000,France,
"Tech Innov, 116 Rue de Rivoli, 13006 Marseille, France",116,Marseille,Tech Innov,Rue,de Rivoli,13006,France,
"Tech Innov, 127 Rue du Faubourg Saint-Antoine, 69002 Lyon, France",127,Lyon,Tech Innov,Rue,du Faubourg Saint-Antoine,69002,France,
"59 Avenue Montaigne, 06000 Nice, France",59,Nice,,Avenue,Montaigne,06000,France,
"176 Boulevard Saint-Michel, 75001 Paris, France",176,Paris,,Boulevard,Saint-Michel,75001,France,
"Sophie Martin, 192 Avenue des Champs-Élysées, 44000 Nantes, France",192,Nantes,Sophie Martin,Avenue,des Champs-Élysées,44000,France,
"212 Rue Saint-Honoré, 69002 Lyon, France",212,Lyon,,Rue,Saint-Honoré,69002,France,
"228 Rue de la Paix, 35000 Rennes, France",228,Rennes,,Rue,de la Paix,35000,France,
"Boulangerie Paul, 54 Avenue des Champs-Élysées, 13006 Marseille, France",54,Marseille,Boulangerie Paul,Avenue,des Champs-Élysées,13006,France,
"167 Avenue des Champs-Élysées, 13006 Marseille, France",167,Marseille,,Avenue,des Champs-Élysées,13006,France,
"220 Place de la République, 69002 Lyon, France",220,Lyon,,Place,de la République,69002,France,
"Sophie Martin, 245 Avenue Montaigne, 67000 Strasbourg, France",245,Strasbourg,Sophie Martin,Avenue,Montaigne,67000,France,
"Garage Renault, 124 Avenue Victor Hugo, 33000 Bordeaux, France",124,Bordeaux,Garage Renault,Avenue,Victor Hugo,33000,France,
"Sophie Martin, 239 Rue Saint-Honoré, 31000 Toulouse, France",239,Toulouse,Sophie Martin,Rue,Saint-Honoré,31000,France,
"145 Rue de la Paix, 35000 Rennes, France",145,Rennes,,Rue,de la Paix,35000,France,
"174 Rue Saint-Honoré, 35000 Rennes, France",174,Rennes,,Rue,Saint-Honoré,35000,France,
"112 Avenue Victor Hugo, 31000 Toulouse, France",112,Toulouse,,Avenue,Victor Hugo,31000,France,
"Sophie Martin, 77 Rue de Rivoli, 69002 Lyon, France",77,Lyon,Sophie Martin,Rue,de Rivoli,69002,France,
"227 Place de la République, 35000 Rennes, France",227,Rennes,,Place,de la République,35000,France,
"Boulangerie Paul, 210 Rue de la Paix, 31000 Toulouse, France",210,Toulouse,Boulangerie Paul,Rue,de la Paix,31000,France,
"Jean Dupont, 32 Boulevard Haussmann, 35000 Rennes, France",32,Rennes,Jean Dupont,Boulevard,Haussmann,35000,France,
"Sophie Martin, 86 Avenue des Champs-Élysées, 31000 Toulouse, France",86,Toulouse,Sophie Martin,Avenue,des Champs-Élysées,31000,France,
"33 Place de la République, 59000 Lille, France",33,Lille,,Place,de la République,59000,France,
"43 Boulevard Saint-Michel, 31000 Toulouse, France",43,Toulouse,,Boulevard,Saint-Michel,31000,France,
"8 Rue de Rivoli, 33000 Bordeaux, France",8,Bordeaux,,Rue,de Rivoli,33000,France,
"195 Boulevard Haussmann, 33000 Bordeaux, France",195,Bordeaux,,Boulevard,Haussmann,33000,France,
"Supermarché Carrefour, 6 Boulevard Haussmann, 06000 Nice, France",6,Nice,Supermarché Carrefour,Boulevard,Haussmann,06000,France,
"196 Rue de Rivoli, 69002 Lyon, France",196,Lyon,,Rue,de Rivoli,69002,France,
"Sophie Martin, 84 Avenue Montaigne, 31000 Toulouse, France",84,Toulouse,Sophie Martin,Avenue,Montaigne,31000,France,
"Sophie Martin, 133 Rue du Faubourg Saint-Antoine, 59000 Lille, France",133,Lille,Sophie Martin,Rue,du Faubourg Saint-Antoine,59000,France,
"65 Avenue Victor Hugo, 75001 Paris, France",65,Paris,,Avenue,Victor Hugo,75001,France,
"17 Place de la République, 35000 Rennes, France",17,Rennes,,Place,de la République,35000,France,
"23 Rue de Rivoli, 75001 Paris, France",23,Paris,,Rue,de Rivoli,75001,France,
"32 Place de la République, 13006 Marseille, France",32,Marseille,,Place,de la République,13006,France,
"55 Rue de Rivoli, 06000 Nice, France",55,Nice,,Rue,de Rivoli,06000,France,
"Garage Renault, 212 Rue de la Paix, 69002 Lyon, France",212,Lyon,Garage Renault,Rue,de la Paix,69002,France,
"Boulangerie Paul, 126 Rue Saint-Honoré, 31000 Toulouse, France",126,Toulouse,Boulangerie Paul,Rue,Saint-Honoré,31000,France,
"2 Place de la République, 75001 Paris, France",2,Paris,,Place,de la République,75001,France,
"Boulangerie Paul, 85 Avenue Victor Hugo, 44000 Nantes, France",85,Nantes,Boulangerie Paul,Avenue,Victor Hugo,44000,France,
"Sophie Martin, 141 Rue Saint-Honoré, 13006 Marseille, France",141,Marseille,Sophie Martin,Rue,Saint-Honoré,13006,France,
"232 Rue de Rivoli, 13006 Marseille, France",232,Marseille,,Rue,de Rivoli,13006,France,
"3 Rue du Faubourg Saint-Antoine, 33000 Bordeaux, France",3,Bordeaux,,Rue,du Faubourg Saint-Antoine,33000,France,
"Supermarché Carrefour, 100 Avenue Victor Hugo, 67000 Strasbourg, France",100,Strasbourg,Supermarché Carrefour,Avenue,Victor Hugo,67000,France,
"Tech Innov, 161 Rue Saint-Honoré, 67000 Strasbourg, France",161,Strasbourg,Tech Innov,Rue,Saint-Honoré,67000,France,
"6 Place de la République, 35000 Rennes, France",6,Rennes,,Place,de la République,35000,France,
"Jean Dupont, 182 Avenue Victor Hugo, 06000 Nice, France",182,Nice,Jean Dupont,Avenue,Victor Hugo,06000,France,
"71 Avenue Victor Hugo, 69002 Lyon, France",71,Lyon,,Avenue,Victor Hugo,69002,France,
"244 Avenue des Champs-Élysées, 69002 Lyon, France",244,Lyon,,Avenue,des Champs-Élysées,69002,France,
"Sophie Martin, 62 Avenue des Champs-Élysées, 59000 Lille, France",62,Lille,Sophie Martin,Avenue,des Champs-Élysées,59000,France,
"Nathalie Dubois, 25 Rue du Faubourg Saint-Antoine, 06000 Nice, France",25,Nice,Nathalie Dubois,Rue,du Faubourg Saint-Antoine,06000,France,
"Pierre Lefevre, 25 Avenue Montaigne, 44000 Nantes, France",25,Nantes,Pierre Lefevre,Avenue,Montaigne,44000,France,
"Jean Dupont, 35 Rue de la Paix, 59000 Lille, France",35,Lille,Jean Dupont,Rue,de la Paix,59000,France,
"Laurent Bernard, 121 Avenue Montaigne, 69002 Lyon, France",121,Lyon,Laurent Bernard,Avenue,Montaigne,69002,France,
"Tech Innov, 128 Rue du Faubourg Saint-Antoine, 31000 Toulouse, France",128,Toulouse,Tech Innov,Rue,du Faubourg Saint-Antoine,31000,France,
"Pharmacie Centrale, 212 Rue de Rivoli, 59000 Lille, France",212,Lille,Pharmacie Centrale,Rue,de Rivoli,59000,France,
"Pierre Lefevre, 151 Avenue des Champs-Élysées, 75001 Paris, France",151,Paris,Pierre Lefevre,Avenue,des Champs-Élysées,75001,France,
"Laurent Bernard, 12 Rue de Rivoli, 13006 Marseille, France",12,Marseille,Laurent Bernard,Rue,de Rivoli,13006,France,
"Boulangerie Paul, 160 Rue de Rivoli, 13006 Marseille, France",160,Marseille,Boulangerie Paul,Rue,de Rivoli,13006,France,
"Boulangerie Paul, 153 Rue de Rivoli, 75001 Paris, France",153,Paris,Boulangerie Paul,Rue,de Rivoli,75001,France,
"103 Boulevard Saint-Michel, 69002 Lyon, France",103,Lyon,,Boulevard,Saint-Michel,69002,France,
"Nathalie Dubois, 119 Avenue Montaigne, 33000 Bordeaux, France",119,Bordeaux,Nathalie Dubois,Avenue,Montaigne,33000,France,
"Tech Innov, 175 Place de la République, 67000 Strasbourg, France",175,Strasbourg,Tech Innov,Place,de la République,67000,France,
"Pharmacie Centrale, 216 Avenue Victor Hugo, 33000 Bordeaux, France",216,Bordeaux,Pharmacie Centrale,Avenue,Victor Hugo,33000,France,
"Nathalie Dubois, 236 Avenue Victor Hugo, 06000 Nice, France",236,Nice,Nathalie Dubois,Avenue,Victor Hugo,06000,France,
"Jean Dupont, 13 Rue Saint-Honoré, 35000 Rennes, France",13,Rennes,Jean Dupont,Rue,Saint-Honoré,35000,France,
"72 Boulevard Saint-Michel, 75001 Paris, France",72,Paris,,Boulevard,Saint-Michel,75001,France,
"Tech Innov, 73 Avenue des Champs-Élysées, 67000 Strasbourg, France",73,Strasbourg,Tech Innov,Avenue,des Champs-Élysées,67000,France,
"65 Rue de la Paix, 69002 Lyon, France",65,Lyon,,Rue,de la Paix,69002,France,
"9 Rue Saint-Honoré, 67000 Strasbourg, France",9,Strasbourg,,Rue,Saint-Honoré,67000,France,
"Boulangerie Paul, 158 Rue du Faubourg Saint-Antoine, 59000 Lille, France",158,Lille,Boulangerie Paul,Rue,du Faubourg Saint-Antoine,59000,France,
"Laurent Bernard, 135 Rue de la Paix, 44000 Nantes, France",135,Nantes,Laurent Bernard,Rue,de la Paix,44000,France,
"Sophie Martin, 173 Rue du Faubourg Saint-Antoine, 06000 Nice, France",173,Nice,Sophie Martin,Rue,du Faubourg Saint-Antoine,06000,France,
"Jean Dupont, 211 Place de la République, 35000 Rennes, France",211,Rennes,Jean Dupont,Place,de la République,35000,France,
"Garage Renault, 151 Rue de la Paix, 13006 Marseille, France",151,Marseille,Garage Renault,Rue,de la Paix,13006,France,
"Garage Renault, 147 Place de la République, 59000 Lille, France",147,Lille,Garage Renault,Place,de la République,59000,France,
"121 Rue de Rivoli, 31000 Toulouse, France",121,Toulouse,,Rue,de Rivoli,31000,France,
"210 Boulevard Haussmann, 59000 Lille, France",210,Lille,,Boulevard,Haussmann,59000,France,
"150 Rue de Rivoli, 44000 Nantes, France",150,Nantes,,Rue,de Rivoli,44000,France,
"125 Avenue Montaigne, 33000 Bordeaux, France",125,Bordeaux,,Avenue,Montaigne,33000,France,
"Pharmacie Centrale, 13 Rue de la Paix, 59000 Lille, France",13,Lille,Pharmacie Centrale,Rue,de la Paix,59000,France,
"221 Rue Saint-Honoré, 75001 Paris, France",221,Paris,,Rue,Saint-Honoré,75001,France,
"57 Boulevard Haussmann, 31000 Toulouse, France",57,Toulouse,,Boulevard,Haussmann,31000,France,
"Pierre Lefevre, 161 Rue de Rivoli, 13006 Marseille, France",161,Marseille,Pierre Lefevre,Rue,de Rivoli,13006,France,
"128 Rue de Rivoli, 06000 Nice, France",128,Nice,,Rue,de Rivoli,06000,France,
"Boulangerie Paul, 247 Avenue Victor Hugo, 59000 Lille, France",247,Lille,Boulangerie Paul,Avenue,Victor Hugo,59000,France,
"193 Avenue Victor Hugo, 59000 Lille, France",193,Lille,,Avenue,Victor Hugo,59000,France,
"Boulangerie Paul, 89 Place de la République, 59000 Lille, France",89,Lille,Boulangerie Paul,Place,de la République,59000,France,
"Pierre Lefevre, 140 Rue Saint-Honoré, 75001 Paris, France",140,Paris,Pierre Lefevre,Rue,Saint-Honoré,75001,France,
"Jean Dupont, 189 Avenue Victor Hugo, 44000 Nantes, France",189,Nantes,Jean Dupont,Avenue,Victor Hugo,44000,France,
"245 Rue du Faubourg Saint-Antoine, 44000 Nantes, France",245,Nantes,,Rue,du Faubourg Saint-Antoine,44000,France,
"Tech Innov, 96 Rue de la Paix, 33000 Bordeaux, France",96,Bordeaux,Tech Innov,Rue,de la Paix,33000,France,
"89 Boulevard Haussmann, 75001 Paris, France",89,Paris,,Boulevard,Haussmann,75001,France,
"Pierre Lefevre, 54 Rue du Faubourg Saint-Antoine, 35000 Rennes, France",54,Rennes,Pierre Lefevre,Rue,du Faubourg Saint-Antoine,35000,France,
"43 Rue Saint-Honoré, 59000 Lille, France",43,Lille,,Rue,Saint-Honoré,59000,France,
"70 Avenue des Champs-Élysées, 75001 Paris, France",70,Paris,,Avenue,des Champs-Élysées,75001,France,
"164 Boulevard Saint-Michel, 06000 Nice, France",164,Nice,,Boulevard,Saint-Michel,06000,France,
"5 Boulevard Haussmann, 69002 Lyon, France",5,Lyon,,Boulevard,Haussmann,69002,France,
"Nathalie Dubois, 73 Rue du Faubourg Saint-Antoine, 44000 Nantes, France",73,Nantes,Nathalie Dubois,Rue,du Faubourg Saint-Antoine,44000,France,
"Garage Renault, 95 Avenue des Champs-Élysées, 69002 Lyon, France",95,Lyon,Garage Renault,Avenue,des Champs-Élysées,69002,France,
"50 Place de la République, 13006 Marseille, France",50,Marseille,,Place,de la République,13006,France,
"Pharmacie Centrale, 34 Avenue Victor Hugo, 59000 Lille, France",34,Lille,Pharmacie Centrale,Avenue,Victor Hugo,59000,France,
"128 Boulevard Haussmann, 31000 Toulouse, France",128,Toulouse,,Boulevard,Haussmann,31000,France,
"Laurent Bernard, 35 Boulevard Saint-Michel, 59000 Lille, France",35,Lille,Laurent Bernard,Boulevard,Saint-Michel,59000,France,
"Jean Dupont, 168 Place de la République, 31000 Toulouse, France",168,Toulouse,Jean Dupont,Place,de la République,31000,France,
"119 Avenue Victor Hugo, 31000 Toulouse, France",119,Toulouse,,Avenue,Victor Hugo,31000,France,
"203 Avenue Victor Hugo, 44000 Nantes, France",203,Nantes,,Avenue,Victor Hugo,44000,France,
"Pharmacie Centrale, 154 Boulevard Haussmann, 31000 Toulouse, France",154,Toulouse,Pharmacie Centrale,Boulevard,Haussmann,31000,France,
"Garage Renault, 155 Rue Saint-Honoré, 35000 Rennes, France",155,Rennes,Garage Renault,Rue,Saint-Honoré,35000,France,
"Pharmacie Centrale, 20 Rue de Rivoli, 31000 Toulouse, France",20,Toulouse,Pharmacie Centrale,Rue,de Rivoli,31000,France,
"45 Avenue des Champs-Élysées, 59000 Lille, France",45,Lille,,Avenue,des Champs-Élysées,59000,France,
"178 Avenue des Champs-Élysées, 75001 Paris, France",178,Paris,,Avenue,des Champs-Élysées,75001,France,
"Garage Renault, 158 Avenue Victor Hugo, 06000 Nice, France",158,Nice,Garage Renault,Avenue,Victor Hugo,06000,France,
"226 Rue Saint-Honoré, 33000 Bordeaux, France",226,Bordeaux,,Rue,Saint-Honoré,33000,France,
"177 Avenue Montaigne, 69002 Lyon, France",177,Lyon,,Avenue,Montaigne,69002,France,
"Pharmacie Centrale, 86 Rue de la Paix, 59000 Lille, France",86,Lille,Pharmacie Centrale,Rue,de la Paix,59000,France,
"130 Avenue Montaigne, 69002 Lyon, France",130,Lyon,,Avenue,Montaigne,69002,France,
"Sophie Martin, 172 Avenue Victor Hugo, 69002 Lyon, France",172,Lyon,Sophie Martin,Avenue,Victor Hugo,69002,France,
"Pierre Lefevre, 133 Rue du Faubourg Saint-Antoine, 75001 Paris, France",133,Paris,Pierre Lefevre,Rue,du Faubourg Saint-Antoine,75001,France,
"Pierre Lefevre, 216 Boulevard Saint-Michel, 69002 Lyon, France",216,Lyon,Pierre Lefevre,Boulevard,Saint-Michel,69002,France,
"104 Rue de la Paix, 67000 Strasbourg, France",104,Strasbourg,,Rue,de la Paix,67000,France,
"Tech Innov, 111 Boulevard Saint-Michel, 35000 Rennes, France",111,Rennes,Tech Innov,Boulevard,Saint-Michel,35000,France,
"Laurent Bernard, 54 Place de la République, 67000 Strasbourg, France",54,Strasbourg,Laurent Bernard,Place,de la République,67000,France,
"Sophie Martin, 134 Rue Saint-Honoré, 59000 Lille, France",134,Lille,Sophie Martin,Rue,Saint-Honoré,59000,France,
"234 Avenue Montaigne, 69002 Lyon, France",234,Lyon,,Avenue,Montaigne,69002,France,
"173 Boulevard Haussmann, 13006 Marseille, France",173,Marseille,,Boulevard,Haussmann,13006,France,
"Jean Dupont, 131 Avenue Montaigne, 13006 Marseille, France",131,Marseille,Jean Dupont,Avenue,Montaigne,13006,France,
"Supermarché Carrefour, 164 Avenue Victor Hugo, 13006 Marseille, France",164,Marseille,Supermarché Carrefour,Avenue,Victor Hugo,13006,France,
"Garage Renault, 222 Avenue Montaigne, 33000 Bordeaux, France",222,Bordeaux,Garage Renault,Avenue,Montaigne,33000,France,
"18 Rue Saint-Honoré, 33000 Bordeaux, France",18,Bordeaux,,Rue,Saint-Honoré,33000,France,
"142 Rue Saint-Honoré, 75001 Paris, France",142,Paris,,Rue,Saint-Honoré,75001,France,
"166 Rue de Rivoli, 33000 Bordeaux, France",166,Bordeaux,,Rue,de Rivoli,33000,France,
"Pharmacie Centrale, 201 Avenue Victor Hugo, 13006 Marseille, France",201,Marseille,Pharmacie Centrale,Avenue,Victor Hugo,13006,France,
"143 Boulevard Saint-Michel, 06000 Nice, France",143,Nice,,Boulevard,Saint-Michel,06000,France,
"117 Avenue Victor Hugo, 35000 Rennes, France",117,Rennes,,Avenue,Victor Hugo,35000,France,
"99 Boulevard Haussmann, 69002 Lyon, France",99,Lyon,,Boulevard,Haussmann,69002,France,
"34 Rue de Rivoli, 31000 Toulouse, France",34,Toulouse,,Rue,de Rivoli,31000,France,
"Supermarché Carrefour, 126 Place de la République, 75001 Paris, France",126,Paris,Supermarché Carrefour,Place,de la République,75001,France,
"240 Avenue Montaigne, 33000 Bordeaux, France",240,Bordeaux,,Avenue,Montaigne,33000,France,
"Supermarché Carrefour, 99 Rue de la Paix, 06000 Nice, France",99,Nice,Supermarché Carrefour,Rue,de la Paix,06000,France,
"Garage Renault, 91 Avenue des Champs-Élysées, 59000 Lille, France",91,Lille,Garage Renault,Avenue,des Champs-Élysées,59000,France,
"3 Avenue Victor Hugo, 44000 Nantes, France",3,Nantes,,Avenue,Victor Hugo,44000,France,
"61 Rue Saint-Honoré, 69002 Lyon, France",61,Lyon,,Rue,Saint-Honoré,69002,France,
"Sophie Martin, 117 Avenue Montaigne, 59000 Lille, France",117,Lille,Sophie Martin,Avenue,Montaigne,59000,France,
"73 Place de la République, 44000 Nantes, France",73,Nantes,,Place,de la République,44000,France,
"Tech Innov, 245 Avenue des Champs-Élysées, 59000 Lille, France",245,Lille,Tech Innov,Avenue,des Champs-Élysées,59000,France,
"Tech Innov, 150 Avenue des Champs-Élysées, 44000 Nantes, France",150,Nantes,Tech Innov,Avenue,des Champs-Élysées,44000,France,
"Jean Dupont, 166 Rue Saint-Honoré, 06000 Nice, France",166,Nice,Jean Dupont,Rue,Saint-Honoré,06000,France,
"192 Rue de Rivoli, 31000 Toulouse, France",192,Toulouse,,Rue,de Rivoli,31000,France,
"Tech Innov, 114 Rue Saint-Honoré, 13006 Marseille, France",114,Marseille,Tech Innov,Rue,Saint-Honoré,13006,France,
"Boulangerie Paul, 74 Boulevard Saint-Michel, 13006 Marseille, France",74,Marseille,Boulangerie Paul,Boulevard,Saint-Michel,13006,France,
"Jean Dupont, 141 Place de la République, 35000 Rennes, France",141,Rennes,Jean Dupont,Place,de la République,35000,France,
"Tech Innov, 229 Avenue des Champs-Élysées, 59000 Lille, France",229,Lille,Tech Innov,Avenue,des Champs-Élysées,59000,France,
"Nathalie Dubois, 211 Rue de Rivoli, 33000 Bordeaux, France",211,Bordeaux,Nathalie Dubois,Rue,de Rivoli,33000,France,
"Nathalie Dubois, 103 Rue de la Paix, 67000 Strasbourg, France",103,Strasbourg,Nathalie Dubois,Rue,de la Paix,67000,France,
"135 Rue du Faubourg Saint-Antoine, 35000 Rennes, France",135,Rennes,,Rue,du Faubourg Saint-Antoine,35000,France,
"Tech Innov, 190 Rue de la Paix, 13006 Marseille, France",190,Marseille,Tech Innov,Rue,de la Paix,13006,France,
"Nathalie Dubois, 81 Avenue Montaigne, 67000 Strasbourg, France",81,Strasbourg,Nathalie Dubois,Avenue,Montaigne,67000,France,
"227 Rue Saint-Honoré, 31000 Toulouse, France",227,Toulouse,,Rue,Saint-Honoré,31000,France,
"Tech Innov, 125 Rue Saint-Honoré, 69002 Lyon, France",125,Lyon,Tech Innov,Rue,Saint-Honoré,69002,France,
"Jean Dupont, 144 Rue Saint-Honoré, 67000 Strasbourg, France",144,Strasbourg,Jean Dupont,Rue,Saint-Honoré,67000,France,
"Tech Innov, 243 Avenue des Champs-Élysées, 06000 Nice, France",243,Nice,Tech Innov,Avenue,des Champs-Élysées,06000,France,
"143 Boulevard Haussmann, 35000 Rennes, France",143,Rennes,,Boulevard,Haussmann,35000,France,
"138 Avenue des Champs-Élysées, 59000 Lille, France",138,Lille,,Avenue,des Champs-Élysées,59000,France,
"176 Avenue Victor Hugo, 13006 Marseille, France",176,Marseille,,Avenue,Victor Hugo,13006,France,
"135 Rue de la Paix, 67000 Strasbourg, France",135,Strasbourg,,Rue,de la Paix,67000,France,
"Supermarché Carrefour, 173 Rue du Faubourg Saint-Antoine, 13006 Marseille, France",173,Marseille,Supermarché Carrefour,Rue,du Faubourg Saint-Antoine,13006,France,
"Nathalie Dubois, 161 Boulevard Saint-Michel, 44000 Nantes, France",161,Nantes,Nathalie Dubois,Boulevard,Saint-Michel,44000,France,
"Garage Renault, 74 Place de la République, 06000 Nice, France",74,Nice,Garage Renault,Place,de la République,06000,France,
"31 Rue Saint-Honoré, 69002 Lyon, France",31,Lyon,,Rue,Saint-Honoré,69002,France,
"151 Boulevard Haussmann, 13006 Marseille, France",151,Marseille,,Boulevard,Haussmann,13006,France,
"Supermarché Carrefour, 185 Avenue des Champs-Élysées, 67000 Strasbourg, France",185,Strasbourg,Supermarché Carrefour,Avenue,des Champs-Élysées,67000,France,
"Pharmacie Centrale, 115 Avenue des Champs-Élysées, 13006 Marseille, France",115,Marseille,Pharmacie Centrale,Avenue,des Champs-Élysées,13006,France,
"Tech Innov, 168 Rue de Rivoli, 75001 Paris, France",168,Paris,Tech Innov,Rue,de Rivoli,75001,France,
"182 Rue Saint-Honoré, 67000 Strasbourg, France",182,Strasbourg,,Rue,Saint-Honoré,67000,France,
"Nathalie Dubois, 32 Rue Saint-Honoré, 35000 Rennes, France",32,Rennes,Nathalie Dubois,Rue,Saint-Honoré,35000,France,
"Laurent Bernard, 242 Rue de la Paix, 31000 Toulouse, France",242,Toulouse,Laurent Bernard,Rue,de la Paix,31000,France,
"Boulangerie Paul, 211 Rue de la Paix, 75001 Paris, France",211,Paris,Boulangerie Paul,Rue,de la Paix,75001,France,
"Nathalie Dubois, 23 Rue du Faubourg Saint-Antoine, 33000 Bordeaux, France",23,Bordeaux,Nathalie Dubois,Rue,du Faubourg Saint-Antoine,33000,France,
"Nathalie Dubois, 53 Rue Saint-Honoré, 33000 Bordeaux, France",53,Bordeaux,Nathalie Dubois,Rue,Saint-Honoré,33000,France,
"Nathalie Dubois, 217 Rue de la Paix, 31000 Toulouse, France",217,Toulouse,Nathalie Dubois,Rue,de la Paix,31000,France,
"Sophie Martin, 250 Boulevard Saint-Michel, 06000 Nice, France",250,Nice,Sophie Martin,Boulevard,Saint-Michel,06000,France,
"218 Rue de Rivoli, 31000 Toulouse, France",218,Toulouse,,Rue,de Rivoli,31000,France,
"Boulangerie Paul, 46 Avenue Montaigne, 44000 Nantes, France",46,Nantes,Boulangerie Paul,Avenue,Montaigne,44000,France,
"Sophie Martin, 12 Rue de Rivoli, 13006 Marseille, France",12,Marseille,Sophie Martin,Rue,de Rivoli,13006,France,
"107 Avenue Montaigne, 35000 Rennes, France",107,Rennes,,Avenue,Montaigne,35000,France,
"Boulangerie Paul, 142 Rue de Rivoli, 44000 Nantes, France",142,Nantes,Boulangerie Paul,Rue,de Rivoli,44000,France,
"180 Boulevard Haussmann, 35000 Rennes, France",180,Rennes,,Boulevard,Haussmann,35000,France,
"Sophie Martin, 65 Avenue des Champs-Élysées, 31000 Toulouse, France",65,Toulouse,Sophie Martin,Avenue,des Champs-Élysées,31000,France,
"Nathalie Dubois, 100 Rue de la Paix, 13006 Marseille, France",100,Marseille,Nathalie Dubois,Rue,de la Paix,13006,France,
"202 Avenue Victor Hugo, 33000 Bordeaux, France",202,Bordeaux,,Avenue,Victor Hugo,33000,France,
"Garage Renault, 142 Rue de la Paix, 35000 Rennes, France",142,Rennes,Garage Renault,Rue,de la Paix,35000,France,
"Sophie Martin, 213 Rue Saint-Honoré, 31000 Toulouse, France",213,Toulouse,Sophie Martin,Rue,Saint-Honoré,31000,France,
"Jean Dupont, 165 Rue du Faubourg Saint-Antoine, 69002 Lyon, France",165,Lyon,Jean Dupont,Rue,du Faubourg Saint-Antoine,69002,France,
"Pharmacie Centrale, 243 Rue Saint-Honoré, 35000 Rennes, France",243,Rennes,Pharmacie Centrale,Rue,Saint-Honoré,35000,France,
"29 Place de la République, 59000 Lille, France",29,Lille,,Place,de la République,59000,France,
"69 Rue Saint-Honoré, 59000 Lille, France",69,Lille,,Rue,Saint-Honoré,59000,France,
"105 Rue Saint-Honoré, 13006 Marseille, France",105,Marseille,,Rue,Saint-Honoré,13006,France,
"Nathalie Dubois, 103 Rue du Faubourg Saint-Antoine, 67000 Strasbourg, France",103,Strasbourg,Nathalie Dubois,Rue,du Faubourg Saint-Antoine,67000,France,
"57 Rue de la Paix, 59000 Lille, France",57,Lille,,Rue,de la Paix,59000,France,
"Boulangerie Paul, 91 Avenue des Champs-Élysées, 06000 Nice, France",91,Nice,Boulangerie Paul,Avenue,des Champs-Élysées,06000,France,
"Laurent Bernard, 209 Rue du Faubourg Saint-Antoine, 13006 Marseille, France",209,Marseille,Laurent Bernard,Rue,du Faubourg Saint-Antoine,13006,France,
"Boulangerie Paul, 52 Avenue des Champs-Élysées, 75001 Paris, France",52,Paris,Boulangerie Paul,Avenue,des Champs-Élysées,75001,France,
"101 Rue de Rivoli, 33000 Bordeaux, France",101,Bordeaux,,Rue,de Rivoli,33000,France,
"Pierre Lefevre, 143 Rue Saint-Honoré, 31000 Toulouse, France",143,Toulouse,Pierre Lefevre,Rue,Saint-Honoré,31000,France,
"159 Avenue Victor Hugo, 69002 Lyon, France",159,Lyon,,Avenue,Victor Hugo,69002,France,
"Tech Innov, 13 Avenue Victor Hugo, 33000 Bordeaux, France",13,Bordeaux,Tech Innov,Avenue,Victor Hugo,33000,France,
"Pharmacie Centrale, 189 Boulevard Saint-Michel, 06000 Nice, France",189,Nice,Pharmacie Centrale,Boulevard,Saint-Michel,06000,France,
"Pierre Lefevre, 58 Avenue des Champs-Élysées, 75001 Paris, France",58,Paris,Pierre Lefevre,Avenue,des Champs-Élysées,75001,France,
"176 Boulevard Saint-Michel, 44000 Nantes, France",176,Nantes,,Boulevard,Saint-Michel,44000,France,
"178 Boulevard Saint-Michel, 59000 Lille, France",178,Lille,,Boulevard,Saint-Michel,59000,France,
"Supermarché Carrefour, 195 Avenue des Champs-Élysées, 69002 Lyon, France",195,Lyon,Supermarché Carrefour,Avenue,des Champs-Élysées,69002,France,
"Laurent Bernard, 193 Boulevard Haussmann, 69002 Lyon, France",193,Lyon,Laurent Bernard,Boulevard,Haussmann,69002,France,
"211 Rue de Rivoli, 33000 Bordeaux, France",211,Bordeaux,,Rue,de Rivoli,33000,France,
"Pharmacie Centrale, 238 Avenue Victor Hugo, 31000 Toulouse, France",238,Toulouse,Pharmacie Centrale,Avenue,Victor Hugo,31000,France,
"193 Avenue Victor Hugo, 31000 Toulouse, France",193,Toulouse,,Avenue,Victor Hugo,31000,France,
"Garage Renault, 91 Rue Saint-Honoré, 59000 Lille, France",91,Lille,Garage Renault,Rue,Saint-Honoré,59000,France,
"28 Rue de Rivoli, 75001 Paris, France",28,Paris,,Rue,de Rivoli,75001,France,
"Sophie Martin, 160 Rue Saint-Honoré, 06000 Nice, France",160,Nice,Sophie Martin,Rue,Saint-Honoré,06000,France,
"58 Rue de la Paix, 59000 Lille, France",58,Lille,,Rue,de la Paix,59000,France,
"Jean Dupont, 3 Avenue Victor Hugo, 75001 Paris, France",3,Paris,Jean Dupont,Avenue,Victor Hugo,75001,France,
"Sophie Martin, 122 Rue du Faubourg Saint-Antoine, 35000 Rennes, France",122,Rennes,Sophie Martin,Rue,du Faubourg Saint-Antoine,35000,France,
"Sophie Martin, 171 Boulevard Haussmann, 35000 Rennes, France",171,Rennes,Sophie Martin,Boulevard,Haussmann,35000,France,
"136 Rue du Faubourg Saint-Antoine, 31000 Toulouse, France",136,Toulouse,,Rue,du Faubourg Saint-Antoine,31000,France,
"Tech Innov, 232 Rue de Rivoli, 06000 Nice, France",232,Nice,Tech Innov,Rue,de Rivoli,06000,France,
"Tech Innov, 2 Rue du Faubourg Saint-Antoine, 59000 Lille, France",2,Lille,Tech Innov,Rue,du Faubourg Saint-Antoine,59000,France,
"Boulangerie Paul, 20 Rue de Rivoli, 69002 Lyon, France",20,Lyon,Boulangerie Paul,Rue,de Rivoli,69002,France,
"Garage Renault, 21 Rue du Faubourg Saint-Antoine, 69002 Lyon, France",21,Lyon,Garage Renault,Rue,du Faubourg Saint-Antoine,69002,France,
"Nathalie Dubois, 113 Avenue Victor Hugo, 67000 Strasbourg, France",113,Strasbourg,Nathalie Dubois,Avenue,Victor Hugo,67000,France,
"Pharmacie Centrale, 16 Rue du Faubourg Saint-Antoine, 35000 Rennes, France",16,Rennes,Pharmacie Centrale,Rue,du Faubourg Saint-Antoine,35000,France,
"Tech Innov, 49 Avenue des Champs-Élysées, 31000 Toulouse, France",49,Toulouse,Tech Innov,Avenue,des Champs-Élysées,31000,France,
"Laurent Bernard, 40 Avenue Montaigne, 35000 Rennes, France",40,Rennes,Laurent Bernard,Avenue,Montaigne,35000,France,
"136 Rue de la Paix, 69002 Lyon, France",136,Lyon,,Rue,de la Paix,69002,France,
"163 Avenue Montaigne, 75001 Paris, France",163,Paris,,Avenue,Montaigne,75001,France,
"Supermarché Carrefour, 118 Avenue des Champs-Élysées, 75001 Paris, France",118,Paris,Supermarché Carrefour,Avenue,des Champs-Élysées,75001,France,
"Laurent Bernard, 4 Place de la République, 67000 Strasbourg, France",4,Strasbourg,Laurent Bernard,Place,de la République,67000,France,
"Nathalie Dubois, 2 Avenue des Champs-Élysées, 67000 Strasbourg, France",2,Strasbourg,Nathalie Dubois,Avenue,des Champs-Élysées,67000,France,
"Sophie Martin, 121 Avenue Montaigne, 67000 Strasbourg, France",121,Strasbourg,Sophie Martin,Avenue,Montaigne,67000,France,
"Pierre Lefevre, 18 Rue du Faubourg Saint-Antoine, 06000 Nice, France",18,Nice,Pierre Lefevre,Rue,du Faubourg Saint-Antoine,06000,France,
"78 Rue de la Paix, 31000 Toulouse, France",78,Toulouse,,Rue,de la Paix,31000,France,
"Supermarché Carrefour, 198 Rue de Rivoli, 75001 Paris, France",198,Paris,Supermarché Carrefour,Rue,de Rivoli,75001,France,
"Laurent Bernard, 120 Rue de Rivoli, 67000 Strasbourg, France",120,Strasbourg,Laurent Bernard,Rue,de Rivoli,67000,France,
"180 Rue Saint-Honoré, 59000 Lille, France",180,Lille,,Rue,Saint-Honoré,59000,France,
"Tech Innov, 155 Place de la République, 06000 Nice, France",155,Nice,Tech Innov,Place,de la République,06000,France,
"87 Avenue Montaigne, 44000 Nantes, France",87,Nantes,,Avenue,Montaigne,44000,France,
"213 Place de la République, 35000 Rennes, France",213,Rennes,,Place,de la République,35000,France,
"Supermarché Carrefour, 49 Boulevard Saint-Michel, 59000 Lille, France",49,Lille,Supermarché Carrefour,Boulevard,Saint-Michel,59000,France,
"Boulangerie Paul, 244 Avenue des Champs-Élysées, 13006 Marseille, France",244,Marseille,Boulangerie Paul,Avenue,des Champs-Élysées,13006,France,
"Jean Dupont, 144 Place de la République, 75001 Paris, France",144,Paris,Jean Dupont,Place,de la République,75001,France,
"36 Boulevard Saint-Michel, 13006 Marseille, France",36,Marseille,,Boulevard,Saint-Michel,13006,France,
"Laurent Bernard, 202 Avenue des Champs-Élysées, 13006 Marseille, France",202,Marseille,Laurent Bernard,Avenue,des Champs-Élysées,13006,France,
"Pierre Lefevre, 7 Rue du Faubourg Saint-Antoine, 33000 Bordeaux, France",7,Bordeaux,Pierre Lefevre,Rue,du Faubourg Saint-Antoine,33000,France,
"Sophie Martin, 227 Avenue des Champs-Élysées, 75001 Paris, France",227,Paris,Sophie Martin,Avenue,des Champs-Élysées,75001,France,
"193 Boulevard Haussmann, 44000 Nantes, France",193,Nantes,,Boulevard,Haussmann,44000,France,
"Jean Dupont, 195 Avenue des Champs-Élysées, 69002 Lyon, France",195,Lyon,Jean Dupont,Avenue,des Champs-Élysées,69002,France,
"87 Rue Saint-Honoré, 59000 Lille, France",87,Lille,,Rue,Saint-Honoré,59000,France,
"231 Boulevard Saint-Michel, 67000 Strasbourg, France",231,Strasbourg,,Boulevard,Saint-Michel,67000,France,
"Tech Innov, 2 Boulevard Saint-Michel, 67000 Strasbourg, France",2,Strasbourg,Tech Innov,Boulevard,Saint-Michel,67000,France,
"Sophie Martin, 226 Avenue Victor Hugo, 33000 Bordeaux, France",226,Bordeaux,Sophie Martin,Avenue,Victor Hugo,33000,France,
"77 Rue Saint-Honoré, 35000 Rennes, France",77,Rennes,,Rue,Saint-Honoré,35000,France,
"Laurent Bernard, 247 Avenue Victor Hugo, 67000 Strasbourg, France",247,Strasbourg,Laurent Bernard,Avenue,Victor Hugo,67000,France,
"195 Boulevard Saint-Michel, 44000 Nantes, France",195,Nantes,,Boulevard,Saint-Michel,44000,France,
"Jean Dupont, 53 Rue Saint-Honoré, 31000 Toulouse, France",53,Toulouse,Jean Dupont,Rue,Saint-Honoré,31000,France,
"Laurent Bernard, 56 Boulevard Saint-Michel, 69002 Lyon, France",56,Lyon,Laurent Bernard,Boulevard,Saint-Michel,69002,France,
"Laurent Bernard, 149 Rue Saint-Honoré, 67000 Strasbourg, France",149,Strasbourg,Laurent Bernard,Rue,Saint-Honoré,67000,France,
"Pharmacie Centrale, 201 Avenue Victor Hugo, 35000 Rennes, France",201,Rennes,Pharmacie Centrale,Avenue,Victor Hugo,35000,France,
"151 Avenue Victor Hugo, 13006 Marseille, France",151,Marseille,,Avenue,Victor Hugo,13006,France,
"Supermarché Carrefour, 87 Rue de la Paix, 69002 Lyon, France",87,Lyon,Supermarché Carrefour,Rue,de la Paix,69002,France,
"90 Avenue Montaigne, 59000 Lille, France",90,Lille,,Avenue,Montaigne,59000,France,
"Boulangerie Paul, 60 Place de la République, 69002 Lyon, France",60,Lyon,Boulangerie Paul,Place,de la République,69002,France,
"Boulangerie Paul, 233 Rue Saint-Honoré, 69002 Lyon, France",233,Lyon,Boulangerie Paul,Rue,Saint-Honoré,69002,France,
"Garage Renault, 150 Boulevard Saint-Michel, 69002 Lyon, France",150,Lyon,Garage Renault,Boulevard,Saint-Michel,69002,France,
"Laurent Bernard, 102 Boulevard Saint-Michel, 06000 Nice, France",102,Nice,Laurent Bernard,Boulevard,Saint-Michel,06000,France,
"229 Avenue Montaigne, 31000 Toulouse, France",229,Toulouse,,Avenue,Montaigne,31000,France,
"Nathalie Dubois, 7 Rue de la Paix, 75001 Paris, France",7,Paris,Nathalie Dubois,Rue,de la Paix,75001,France,
"79 Rue de Rivoli, 75001 Paris, France",79,Paris,,Rue,de Rivoli,75001,France,
"Garage Renault, 30 Rue de la Paix, 44000 Nantes, France",30,Nantes,Garage Renault,Rue,de la Paix,44000,France,
"Supermarché Carrefour, 107 Avenue Victor Hugo, 31000 Toulouse, France",107,Toulouse,Supermarché Carrefour,Avenue,Victor Hugo,31000,France,
"Garage Renault, 15 Boulevard Saint-Michel, 75001 Paris, France",15,Paris,Garage Renault,Boulevard,Saint-Michel,75001,France,
"195 Avenue Victor Hugo, 67000 Strasbourg, France",195,Strasbourg,,Avenue,Victor Hugo,67000,France,
"Pharmacie Centrale, 173 Rue Saint-Honoré, 06000 Nice, France",173,Nice,Pharmacie Centrale,Rue,Saint-Honoré,06000,France,
"Jean Dupont, 35 Rue Saint-Honoré, 31000 Toulouse, France",35,Toulouse,Jean Dupont,Rue,Saint-Honoré,31000,France,
"172 Avenue Montaigne, 33000 Bordeaux, France",172,Bordeaux,,Avenue,Montaigne,33000,France,
"Garage Renault, 31 Rue Saint-Honoré, 33000 Bordeaux, France",31,Bordeaux,Garage Renault,Rue,Saint-Honoré,33000,France,
"37 Rue du Faubourg Saint-Antoine, 35000 Rennes, France",37,Rennes,,Rue,du Faubourg Saint-Antoine,35000,France,
"Laurent Bernard, 9 Rue Saint-Honoré, 59000 Lille, France",9,Lille,Laurent Bernard,Rue,Saint-Honoré,59000,France,
"33 Place de la République, 75001 Paris, France",33,Paris,,Place,de la République,75001,France,
"Pharmacie Centrale, 171 Rue du Faubourg Saint-Antoine, 69002 Lyon, France",171,Lyon,Pharmacie Centrale,Rue,du Faubourg Saint-Antoine,69002,France,
"Supermarché Carrefour, 108 Avenue Montaigne, 13006 Marseille, France",108,Marseille,Supermarché Carrefour,Avenue,Montaigne,13006,France,
"186 Rue Saint-Honoré, 35000 Rennes, France",186,Rennes,,Rue,Saint-Honoré,35000,France,
"Pierre Lefevre, 12 Boulevard Saint-Michel, 59000 Lille, France",12,Lille,Pierre Lefevre,Boulevard,Saint-Michel,59000,France,
"Sophie Martin, 20 Place de la République, 06000 Nice, France",20,Nice,Sophie Martin,Place,de la République,06000,France,
"125 Rue de la Paix, 69002 Lyon, France",125,Lyon,,Rue,de la Paix,69002,France,
"Sophie Martin, 37 Rue de la Paix, 69002 Lyon, France",37,Lyon,Sophie Martin,Rue,de la Paix,69002,France,
"Pierre Lefevre, 204 Avenue Montaigne, 35000 Rennes, France",204,Rennes,Pierre Lefevre,Avenue,Montaigne,35000,France,
"Supermarché Carrefour, 14 Rue de la Paix, 31000 Toulouse, France",14,Toulouse,Supermarché Carrefour,Rue,de la Paix,31000,France,
"Supermarché Carrefour, 197 Rue du Faubourg Saint-Antoine, 35000 Rennes, France",197,Rennes,Supermarché Carrefour,Rue,du Faubourg Saint-Antoine,35000,France,
"115 Rue de Rivoli, 06000 Nice, France",115,Nice,,Rue,de Rivoli,06000,France,
"Tech Innov, 242 Rue de la Paix, 13006 Marseille, France",242,Marseille,Tech Innov,Rue,de la Paix,13006,France,
"228 Place de la République, 31000 Toulouse, France",228,Toulouse,,Place,de la République,31000,France,
"Pierre Lefevre, 27 Rue Saint-Honoré, 33000 Bordeaux, France",27,Bordeaux,Pierre Lefevre,Rue,Saint-Honoré,33000,France,
"Supermarché Carrefour, 154 Rue de la Paix, 06000 Nice, France",154,Nice,Supermarché Carrefour,Rue,de la Paix,06000,France,
"231 Rue du Faubourg Saint-Antoine, 75001 Paris, France",231,Paris,,Rue,du Faubourg Saint-Antoine,75001,France,
"33 Avenue des Champs-Élysées, 44000 Nantes, France",33,Nantes,,Avenue,des Champs-Élysées,44000,France,
"Pierre Lefevre, 51 Avenue des Champs-Élysées, 75001 Paris, France",51,Paris,Pierre Lefevre,Avenue,des Champs-Élysées,75001,France,
"Pierre Lefevre, 70 Avenue Montaigne, 59000 Lille, France",70,Lille,Pierre Lefevre,Avenue,Montaigne,59000,France,
"Jean Dupont, 92 Rue du Faubourg Saint-Antoine, 59000 Lille, France",92,Lille,Jean Dupont,Rue,du Faubourg Saint-Antoine,59000,France,
"Sophie Martin, 12 Boulevard Saint-Michel, 59000 Lille, France",12,Lille,Sophie Martin,Boulevard,Saint-Michel,59000,France,
"Sophie Martin, 41 Place de la République, 06000 Nice, France",41,Nice,Sophie Martin,Place,de la République,06000,France,
"Sophie Martin, 92 Rue du Faubourg Saint-Antoine, 44000 Nantes, France",92,Nantes,Sophie Martin,Rue,du Faubourg Saint-Antoine,44000,France,
"Boulangerie Paul, 58 Rue Saint-Honoré, 69002 Lyon, France",58,Lyon,Boulangerie Paul,Rue,Saint-Honoré,69002,France,
"Pharmacie Centrale, 87 Rue de Rivoli, 59000 Lille, France",87,Lille,Pharmacie Centrale,Rue,de Rivoli,59000,France,
"Sophie Martin, 157 Avenue Victor Hugo, 75001 Paris, France",157,Paris,Sophie Martin,Avenue,Victor Hugo,75001,France,
"Nathalie Dubois, 213 Avenue des Champs-Élysées, 44000 Nantes, France",213,Nantes,Nathalie Dubois,Avenue,des Champs-Élysées,44000,France,
"Jean Dupont, 123 Boulevard Saint-Michel, 69002 Lyon, France",123,Lyon,Jean Dupont,Boulevard,Saint-Michel,69002,France,
"12 Rue de Rivoli, 31000 Toulouse, France",12,Toulouse,,Rue,de Rivoli,31000,France,
"Garage Renault, 121 Boulevard Haussmann, 13006 Marseille, France",121,Marseille,Garage Renault,Boulevard,Haussmann,13006,France,
"Laurent Bernard, 61 Avenue des Champs-Élysées, 35000 Rennes, France",61,Rennes,Laurent Bernard,Avenue,des Champs-Élysées,35000,France,
"Sophie Martin, 50 Rue du Faubourg Saint-Antoine, 67000 Strasbourg, France",50,Strasbourg,Sophie Martin,Rue,du Faubourg Saint-Antoine,67000,France,
"Pharmacie Centrale, 188 Avenue Victor Hugo, 69002 Lyon, France",188,Lyon,Pharmacie Centrale,Avenue,Victor Hugo,69002,France,
"Tech Innov, 183 Boulevard Saint-Michel, 13006 Marseille, France",183,Marseille,Tech Innov,Boulevard,Saint-Michel,13006,France,
"Boulangerie Paul, 139 Avenue Montaigne, 31000 Toulouse, France",139,Toulouse,Boulangerie Paul,Avenue,Montaigne,31000,France,
"Tech Innov, 145 Boulevard Saint-Michel, 59000 Lille, France",145,Lille,Tech Innov,Boulevard,Saint-Michel,59000,France,
"Tech Innov, 92 Boulevard Haussmann, 44000 Nantes, France",92,Nantes,Tech Innov,Boulevard,Haussmann,44000,France,
"Nathalie Dubois, 21 Boulevard Haussmann, 67000 Strasbourg, France",21,Strasbourg,Nathalie Dubois,Boulevard,Haussmann,67000,France,
"34 Avenue Victor Hugo, 67000 Strasbourg, France",34,Strasbourg,,Avenue,Victor Hugo,67000,France,
"Pierre Lefevre, 140 Avenue Montaigne, 35000 Rennes, France",140,Rennes,Pierre Lefevre,Avenue,Montaigne,35000,France,
"Boulangerie Paul, 37 Place de la République, 69002 Lyon, France",37,Lyon,Boulangerie Paul,Place,de la République,69002,France,
"Boulangerie Paul, 238 Rue de la Paix, 33000 Bordeaux, France",238,Bordeaux,Boulangerie Paul,Rue,de la Paix,33000,France,
"Sophie Martin, 50 Boulevard Saint-Michel, 06000 Nice, France",50,Nice,Sophie Martin,Boulevard,Saint-Michel,06000,France,
"Tech Innov, 31 Avenue des Champs-Élysées, 13006 Marseille, France",31,Marseille,Tech Innov,Avenue,des Champs-Élysées,13006,France,
"Nathalie Dubois, 219 Rue Saint-Honoré, 13006 Marseille, France",219,Marseille,Nathalie Dubois,Rue,Saint-Honoré,13006,France,
"Boulangerie Paul, 55 Avenue des Champs-Élysées, 35000 Rennes, France",55,Rennes,Boulangerie Paul,Avenue,des Champs-Élysées,35000,France,
"Pharmacie Centrale, 228 Avenue Victor Hugo, 59000 Lille, France",228,Lille,Pharmacie Centrale,Avenue,Victor Hugo,59000,France,
"Tech Innov, 126 Place de la République, 67000 Strasbourg, France",126,Strasbourg,Tech Innov,Place,de la République,67000,France,
"Sophie Martin, 31 Boulevard Haussmann, 31000 Toulouse, France",31,Toulouse,Sophie Martin,Boulevard,Haussmann,31000,France,
"Supermarché Carrefour, 206 Rue du Faubourg Saint-Antoine, 67000 Strasbourg, France",206,Strasbourg,Supermarché Carrefour,Rue,du Faubourg Saint-Antoine,67000,France,
"Pierre Lefevre, 198 Place de la République, 35000 Rennes, France",198,Rennes,Pierre Lefevre,Place,de la République,35000,France,
"Sophie Martin, 7 Rue de la Paix, 06000 Nice, France",7,Nice,Sophie Martin,Rue,de la Paix,06000,France,
"Jean Dupont, 71 Boulevard Haussmann, 35000 Rennes, France",71,Rennes,Jean Dupont,Boulevard,Haussmann,35000,France,
"Laurent Bernard, 125 Rue Saint-Honoré, 13006 Marseille, France",125,Marseille,Laurent Bernard,Rue,Saint-Honoré,13006,France,
"Supermarché Carrefour, 71 Avenue Victor Hugo, 69002 Lyon, France",71,Lyon,Supermarché Carrefour,Avenue,Victor Hugo,69002,France,
"Tech Innov, 198 Boulevard Haussmann, 44000 Nantes, France",198,Nantes,Tech Innov,Boulevard,Haussmann,44000,France,
"8 Place de la République, 69002 Lyon, France",8,Lyon,,Place,de la République,69002,France,
"Laurent Bernard, 116 Boulevard Saint-Michel, 67000 Strasbourg, France",116,Strasbourg,Laurent Bernard,Boulevard,Saint-Michel,67000,France,
"2 Place de la République, 31000 Toulouse, France",2,Toulouse,,Place,de la République,31000,France,
"106 Avenue des Champs-Élysées, 33000 Bordeaux, France",106,Bordeaux,,Avenue,des Champs-Élysées,33000,France,
"202 Rue Saint-Honoré, 67000 Strasbourg, France",202,Strasbourg,,Rue,Saint-Honoré,67000,France,
"Garage Renault, 162 Avenue des Champs-Élysées, 44000 Nantes, France",162,Nantes,Garage Renault,Avenue,des Champs-Élysées,44000,France,
"Tech Innov, 83 Boulevard Saint-Michel, 67000 Strasbourg, France",83,Strasbourg,Tech Innov,Boulevard,Saint-Michel,67000,France,
"Pierre Lefevre, 157 Avenue Montaigne, 31000 Toulouse, France",157,Toulouse,Pierre Lefevre,Avenue,Montaigne,31000,France,
"Sophie Martin, 67 Avenue des Champs-Élysées, 44000 Nantes, France",67,Nantes,Sophie Martin,Avenue,des Champs-Élysées,44000,France,
"Supermarché Carrefour, 140 Boulevard Haussmann, 35000 Rennes, France",140,Rennes,Supermarché Carrefour,Boulevard,Haussmann,35000,France,
"Jean Dupont, 159 Place de la République, 69002 Lyon, France",159,Lyon,Jean Dupont,Place,de la République,69002,France,
"Supermarché Carrefour, 13 Rue Saint-Honoré, 35000 Rennes, France",13,Rennes,Supermarché Carrefour,Rue,Saint-Honoré,35000,France,
"192 Place de la République, 67000 Strasbourg, France",192,Strasbourg,,Place,de la République,67000,France,
"Boulangerie Paul, 131 Avenue Victor Hugo, 35000 Rennes, France",131,Rennes,Boulangerie Paul,Avenue,Victor Hugo,35000,France,
"Boulangerie Paul, 224 Place de la République, 35000 Rennes, France",224,Rennes,Boulangerie Paul,Place,de la République,35000,France,
"76 Avenue des Champs-Élysées, 59000 Lille, France",76,Lille,,Avenue,des Champs-Élysées,59000,France,
"207 Avenue Montaigne, 75001 Paris, France",207,Paris,,Avenue,Montaigne,75001,France,
"73 Place de la République, 59000 Lille, France",73,Lille,,Place,de la République,59000,France,
"238 Place de la République, 59000 Lille, France",238,Lille,,Place,de la République,59000,France,
"Laurent Bernard, 247 Rue de Rivoli, 31000 Toulouse, France",247,Toulouse,Laurent Bernard,Rue,de Rivoli,31000,France,
"Pierre Lefevre, 110 Rue du Faubourg Saint-Antoine, 33000 Bordeaux, France",110,Bordeaux,Pierre Lefevre,Rue,du Faubourg Saint-Antoine,33000,France,
"Supermarché Carrefour, 19 Rue du Faubourg Saint-Antoine, 75001 Paris, France",19,Paris,Supermarché Carrefour,Rue,du Faubourg Saint-Antoine,75001,France,
"202 Rue Saint-Honoré, 31000 Toulouse, France",202,Toulouse,,Rue,Saint-Honoré,31000,France,
"Nathalie Dubois, 173 Rue de Rivoli, 13006 Marseille, France",173,Marseille,Nathalie Dubois,Rue,de Rivoli,13006,France,
"Laurent Bernard, 54 Avenue des Champs-Élysées, 67000 Strasbourg, France",54,Strasbourg,Laurent Bernard,Avenue,des Champs-Élysées,67000,France,
"Laurent Bernard, 218 Rue de Rivoli, 69002 Lyon, France",218,Lyon,Laurent Bernard,Rue,de Rivoli,69002,France,
"Supermarché Carrefour, 84 Rue du Faubourg Saint-Antoine, 44000 Nantes, France",84,Nantes,Supermarché Carrefour,Rue,du Faubourg Saint-Antoine,44000,France,
"221 Rue du Faubourg Saint-Antoine, 59000 Lille, France",221,Lille,,Rue,du Faubourg Saint-Antoine,59000,France,
"Tech Innov, 99 Place de la République, 33000 Bordeaux, France",99,Bordeaux,Tech Innov,Place,de la République,33000,France,
"Boulangerie Paul, 205 Place de la République, 44000 Nantes, France",205,Nantes,Boulangerie Paul,Place,de la République,44000,France,
"Tech Innov, 201 Boulevard Saint-Michel, 31000 Toulouse, France",201,Toulouse,Tech Innov,Boulevard,Saint-Michel,31000,France,
"47 Boulevard Saint-Michel, 75001 Paris, France",47,Paris,,Boulevard,Saint-Michel,75001,France,
"Nathalie Dubois, 175 Rue de Rivoli, 69002 Lyon, France",175,Lyon,Nathalie Dubois,Rue,de Rivoli,69002,France,
"Nathalie Dubois, 219 Avenue Victor Hugo, 75001 Paris, France",219,Paris,Nathalie Dubois,Avenue,Victor Hugo,75001,France,
"155 Boulevard Saint-Michel, 67000 Strasbourg, France",155,Strasbourg,,Boulevard,Saint-Michel,67000,France,
"Pharmacie Centrale, 106 Avenue Victor Hugo, 06000 Nice, France",106,Nice,Pharmacie Centrale,Avenue,Victor Hugo,06000,France,
"Sophie Martin, 190 Rue Saint-Honoré, 13006 Marseille, France",190,Marseille,Sophie Martin,Rue,Saint-Honoré,13006,France,
"Jean Dupont, 207 Avenue des Champs-Élysées, 35000 Rennes, France",207,Rennes,Jean Dupont,Avenue,des Champs-Élysées,35000,France,
"Jean Dupont, 79 Boulevard Saint-Michel, 06000 Nice, France",79,Nice,Jean Dupont,Boulevard,Saint-Michel,06000,France,
"Supermarché Carrefour, 70 Rue Saint-Honoré, 59000 Lille, France",70,Lille,Supermarché Carrefour,Rue,Saint-Honoré,59000,France,
"Sophie Martin, 145 Boulevard Haussmann, 44000 Nantes, France",145,Nantes,Sophie Martin,Boulevard,Haussmann,44000,France,
"Pierre Lefevre, 67 Boulevard Saint-Michel, 06000 Nice, France",67,Nice,Pierre Lefevre,Boulevard,Saint-Michel,06000,France,
"Supermarché Carrefour, 248 Avenue Victor Hugo, 44000 Nantes, France",248,Nantes,Supermarché Carrefour,Avenue,Victor Hugo,44000,France,
"Jean Dupont, 39 Rue du Faubourg Saint-Antoine, 44000 Nantes, France",39,Nantes,Jean Dupont,Rue,du Faubourg Saint-Antoine,44000,France,
"Jean Dupont, 38 Avenue des Champs-Élysées, 33000 Bordeaux, France",38,Bordeaux,Jean Dupont,Avenue,des Champs-Élysées,33000,France,
"248 Rue Saint-Honoré, 06000 Nice, France",248,Nice,,Rue,Saint-Honoré,06000,France,
"Pierre Lefevre, 38 Avenue Victor Hugo, 75001 Paris, France",38,Paris,Pierre Lefevre,Avenue,Victor Hugo,75001,France,
"Pierre Lefevre, 198 Avenue Victor Hugo, 67000 Strasbourg, France",198,Strasbourg,Pierre Lefevre,Avenue,Victor Hugo,67000,France,
"182 Rue de la Paix, 75001 Paris, France",182,Paris,,Rue,de la Paix,75001,France,
"Nathalie Dubois, 218 Rue de Rivoli, 13006 Marseille, France",218,Marseille,Nathalie Dubois,Rue,de Rivoli,13006,France,
"Nathalie Dubois, 16 Rue de Rivoli, 06000 Nice, France",16,Nice,Nathalie Dubois,Rue,de Rivoli,06000,France,
"Laurent Bernard, 203 Rue Saint-Honoré, 59000 Lille, France",203,Lille,Laurent Bernard,Rue,Saint-Honoré,59000,France,
"Supermarché Carrefour, 232 Boulevard Saint-Michel, 35000 Rennes, France",232,Rennes,Supermarché Carrefour,Boulevard,Saint-Michel,35000,France,
"35 Boulevard Haussmann, 69002 Lyon, France",35,Lyon,,Boulevard,Haussmann,69002,France,
"98 Boulevard Saint-Michel, 69002 Lyon, France",98,Lyon,,Boulevard,Saint-Michel,69002,France,
"224 Avenue Montaigne, 69002 Lyon, France",224,Lyon,,Avenue,Montaigne,69002,France,
"Nathalie Dubois, 124 Rue Saint-Honoré, 69002 Lyon, France",124,Lyon,Nathalie Dubois,Rue,Saint-Honoré,69002,France,
"Pierre Lefevre, 111 Rue Saint-Honoré, 59000 Lille, France",111,Lille,Pierre Lefevre,Rue,Saint-Honoré,59000,France,
"Jean Dupont, 152 Place de la République, 31000 Toulouse, France",152,Toulouse,Jean Dupont,Place,de la République,31000,France,
"Nathalie Dubois, 159 Avenue des Champs-Élysées, 75001 Paris, France",159,Paris,Nathalie Dubois,Avenue,des Champs-Élysées,75001,France,
"Jean Dupont, 59 Rue du Faubourg Saint-Antoine, 69002 Lyon, France",59,Lyon,Jean Dupont,Rue,du Faubourg Saint-Antoine,69002,France,
"Pharmacie Centrale, 175 Avenue Victor Hugo, 35000 Rennes, France",175,Rennes,Pharmacie Centrale,Avenue,Victor Hugo,35000,France,
"214 Boulevard Haussmann, 69002 Lyon, France",214,Lyon,,Boulevard,Haussmann,69002,France,
"Supermarché Carrefour, 105 Rue Saint-Honoré, 06000 Nice, France",105,Nice,Supermarché Carrefour,Rue,Saint-Honoré,06000,France,
"219 Rue du Faubourg Saint-Antoine, 06000 Nice, France",219,Nice,,Rue,du Faubourg Saint-Antoine,06000,France,
"Jean Dupont, 216 Rue de la Paix, 59000 Lille, France",216,Lille,Jean Dupont,Rue,de la Paix,59000,France,
"Nathalie Dubois, 216 Avenue des Champs-Élysées, 35000 Rennes, France",216,Rennes,Nathalie Dubois,Avenue,des Champs-Élysées,35000,France,
"153 Rue de Rivoli, 67000 Strasbourg, France",153,Strasbourg,,Rue,de Rivoli,67000,France,
"50 Boulevard Saint-Michel, 13006 Marseille, France",50,Marseille,,Boulevard,Saint-Michel,13006,France,
"Jean Dupont, 161 Avenue des Champs-Élysées, 31000 Toulouse, France",161,Toulouse,Jean Dupont,Avenue,des Champs-Élysées,31000,France,
"Pharmacie Centrale, 98 Avenue des Champs-Élysées, 13006 Marseille, France",98,Marseille,Pharmacie Centrale,Avenue,des Champs-Élysées,13006,France,
"88 Rue de Rivoli, 67000 Strasbourg, France",88,Strasbourg,,Rue,de Rivoli,67000,France,
"Jean Dupont, 3 Rue du Faubourg Saint-Antoine, 06000 Nice, France",3,Nice,Jean Dupont,Rue,du Faubourg Saint-Antoine,06000,France,
"235 Boulevard Saint-Michel, 59000 Lille, France",235,Lille,,Boulevard,Saint-Michel,59000,France,
"173 Boulevard Saint-Michel, 69002 Lyon, France",173,Lyon,,Boulevard,Saint-Michel,69002,France,
"Garage Renault, 65 Rue du Faubourg Saint-Antoine, 67000 Strasbourg, France",65,Strasbourg,Garage Renault,Rue,du Faubourg Saint-Antoine,67000,France,
"Sophie Martin, 129 Rue du Faubourg Saint-Antoine, 69002 Lyon, France",129,Lyon,Sophie Martin,Rue,du Faubourg Saint-Antoine,69002,France,
"179 Avenue Victor Hugo, 31000 Toulouse, France",179,Toulouse,,Avenue,Victor Hugo,31000,France,
"18 Avenue des Champs-Élysées, 33000 Bordeaux, France",18,Bordeaux,,Avenue,des Champs-Élysées,33000,France,
"32 Avenue Victor Hugo, 75001 Paris, France",32,Paris,,Avenue,Victor Hugo,75001,France,
"Garage Renault, 47 Avenue des Champs-Élysées, 35000 Rennes, France",47,Rennes,Garage Renault,Avenue,des Champs-Élysées,35000,France,
"Garage Renault, 120 Boulevard Haussmann, 35000 Rennes, France",120,Rennes,Garage Renault,Boulevard,Haussmann,35000,France,
"Nathalie Dubois, 126 Rue du Faubourg Saint-Antoine, 35000 Rennes, France",126,Rennes,Nathalie Dubois,Rue,du Faubourg Saint-Antoine,35000,France,
"Jean Dupont, 76 Avenue Victor Hugo, 59000 Lille, France",76,Lille,Jean Dupont,Avenue,Victor Hugo,59000,France,
"Boulangerie Paul, 5 Rue Saint-Honoré, 75001 Paris, France",5,Paris,Boulangerie Paul,Rue,Saint-Honoré,75001,France,
"Jean Dupont, 84 Avenue Victor Hugo, 59000 Lille, France",84,Lille,Jean Dupont,Avenue,Victor Hugo,59000,France,
"Boulangerie Paul, 62 Avenue Victor Hugo, 13006 Marseille, France",62,Marseille,Boulangerie Paul,Avenue,Victor Hugo,13006,France,
"37 Boulevard Saint-Michel, 31000 Toulouse, France",37,Toulouse,,Boulevard,Saint-Michel,31000,France,
"Sophie Martin, 126 Rue du Faubourg Saint-Antoine, 13006 Marseille, France",126,Marseille,Sophie Martin,Rue,du Faubourg Saint-Antoine,13006,France,
"Jean Dupont, 139 Rue de Rivoli, 59000 Lille, France",139,Lille,Jean Dupont,Rue,de Rivoli,59000,France,
"Pierre Lefevre, 209 Boulevard Saint-Michel, 06000 Nice, France",209,Nice,Pierre Lefevre,Boulevard,Saint-Michel,06000,France,
"Pierre Lefevre, 231 Boulevard Saint-Michel, 06000 Nice, France",231,Nice,Pierre Lefevre,Boulevard,Saint-Michel,06000,France,
"43 Boulevard Haussmann, 44000 Nantes, France",43,Nantes,,Boulevard,Haussmann,44000,France,
"Garage Renault, 140 Avenue Victor Hugo, 13006 Marseille, France",140,Marseille,Garage Renault,Avenue,Victor Hugo,13006,France,
"141 Rue du Faubourg Saint-Antoine, 06000 Nice, France",141,Nice,,Rue,du Faubourg Saint-Antoine,06000,France,
"Tech Innov, 3 Rue de Rivoli, 69002 Lyon, France",3,Lyon,Tech Innov,Rue,de Rivoli,69002,France,
"Supermarché Carrefour, 64 Rue de la Paix, 44000 Nantes, France",64,Nantes,Supermarché Carrefour,Rue,de la Paix,44000,France,
"247 Boulevard Haussmann, 69002 Lyon, France",247,Lyon,,Boulevard,Haussmann,69002,France,
"Supermarché Carrefour, 31 Place de la République, 33000 Bordeaux, France",31,Bordeaux,Supermarché Carrefour,Place,de la République,33000,France,
"Jean Dupont, 5 Avenue Montaigne, 75001 Paris, France",5,Paris,Jean Dupont,Avenue,Montaigne,75001,France,
"Sophie Martin, 7 Place de la République, 67000 Strasbourg, France",7,Strasbourg,Sophie Martin,Place,de la République,67000,France,
"Pharmacie Centrale, 84 Avenue des Champs-Élysées, 59000 Lille, France",84,Lille,Pharmacie Centrale,Avenue,des Champs-Élysées,59000,France,
"225 Boulevard Haussmann, 44000 Nantes, France",225,Nantes,,Boulevard,Haussmann,44000,France,
"Supermarché Carrefour, 245 Boulevard Saint-Michel, 69002 Lyon, France",245,Lyon,Supermarché Carrefour,Boulevard,Saint-Michel,69002,France,
"225 Boulevard Haussmann, 33000 Bordeaux, France",225,Bordeaux,,Boulevard,Haussmann,33000,France,
"7 Place de la République, 31000 Toulouse, France",7,Toulouse,,Place,de la République,31000,France,
"Tech Innov, 139 Boulevard Saint-Michel, 31000 Toulouse, France",139,Toulouse,Tech Innov,Boulevard,Saint-Michel,31000,France,
"Nathalie Dubois, 115 Rue de la Paix, 31000 Toulouse, France",115,Toulouse,Nathalie Dubois,Rue,de la Paix,31000,France,
"Sophie Martin, 83 Avenue Victor Hugo, 69002 Lyon, France",83,Lyon,Sophie Martin,Avenue,Victor Hugo,69002,France,
"Sophie Martin, 150 Rue Saint-Honoré, 75001 Paris, France",150,Paris,Sophie Martin,Rue,Saint-Honoré,75001,France,
"Pharmacie Centrale, 146 Boulevard Haussmann, 13006 Marseille, France",146,Marseille,Pharmacie Centrale,Boulevard,Haussmann,13006,France,
"200 Rue du Faubourg Saint-Antoine, 75001 Paris, France",200,Paris,,Rue,du Faubourg Saint-Antoine,75001,France,
"Pierre Lefevre, 153 Avenue Montaigne, 31000 Toulouse, France",153,Toulouse,Pierre Lefevre,Avenue,Montaigne,31000,France,
"198 Rue Saint-Honoré, 44000 Nantes, France",198,Nantes,,Rue,Saint-Honoré,44000,France,
"207 Avenue Victor Hugo, 35000 Rennes, France",207,Rennes,,Avenue,Victor Hugo,35000,France,
"78 Place de la République, 35000 Rennes, France",78,Rennes,,Place,de la République,35000,France,
"78 Avenue des Champs-Élysées, 33000 Bordeaux, France",78,Bordeaux,,Avenue,des Champs-Élysées,33000,France,
"Pharmacie Centrale, 249 Avenue des Champs-Élysées, 59000 Lille, France",249,Lille,Pharmacie Centrale,Avenue,des Champs-Élysées,59000,France,
"Tech Innov, 160 Avenue des Champs-Élysées, 13006 Marseille, France",160,Marseille,Tech Innov,Avenue,des Champs-Élysées,13006,France,
"Jean Dupont, 183 Avenue Montaigne, 33000 Bordeaux, France",183,Bordeaux,Jean Dupont,Avenue,Montaigne,33000,France,
"Laurent Bernard, 46 Place de la République, 75001 Paris, France",46,Paris,Laurent Bernard,Place,de la République,75001,France,
"Laurent Bernard, 85 Avenue Montaigne, 44000 Nantes, France",85,Nantes,Laurent Bernard,Avenue,Montaigne,44000,France,
"71 Avenue Montaigne, 59000 Lille, France",71,Lille,,Avenue,Montaigne,59000,France,
"227 Avenue Victor Hugo, 13006 Marseille, France",227,Marseille,,Avenue,Victor Hugo,13006,France,
"Pharmacie Centrale, 137 Rue Saint-Honoré, 75001 Paris, France",137,Paris,Pharmacie Centrale,Rue,Saint-Honoré,75001,France,
"Tech Innov, 231 Boulevard Haussmann, 33000 Bordeaux, France",231,Bordeaux,Tech Innov,Boulevard,Haussmann,33000,France,
"97 Boulevard Saint-Michel, 69002 Lyon, France",97,Lyon,,Boulevard,Saint-Michel,69002,France,
"109 Avenue des Champs-Élysées, 31000 Toulouse, France",109,Toulouse,,Avenue,des Champs-Élysées,31000,France,
"178 Avenue des Champs-Élysées, 06000 Nice, France",178,Nice,,Avenue,des Champs-Élysées,06000,France,
"20 Avenue Victor Hugo, 06000 Nice, France",20,Nice,,Avenue,Victor Hugo,06000,France,
"Nathalie Dubois, 151 Rue Saint-Honoré, 44000 Nantes, France",151,Nantes,Nathalie Dubois,Rue,Saint-Honoré,44000,France,
"Nathalie Dubois, 196 Boulevard Haussmann, 44000 Nantes, France",196,Nantes,Nathalie Dubois,Boulevard,Haussmann,44000,France,
"Pierre Lefevre, 98 Avenue Victor Hugo, 69002 Lyon, France",98,Lyon,Pierre Lefevre,Avenue,Victor Hugo,69002,France,
"Supermarché Carrefour, 239 Place de la République, 06000 Nice, France",239,Nice,Supermarché Carrefour,Place,de la République,06000,France,
"Garage Renault, 132 Rue du Faubourg Saint-Antoine, 59000 Lille, France",132,Lille,Garage Renault,Rue,du Faubourg Saint-Antoine,59000,France,
"213 Rue du Faubourg Saint-Antoine, 69002 Lyon, France",213,Lyon,,Rue,du Faubourg Saint-Antoine,69002,France,
"28 Avenue des Champs-Élysées, 13006 Marseille, France",28,Marseille,,Avenue,des Champs-Élysées,13006,France,
"Jean Dupont, 97 Avenue Victor Hugo, 75001 Paris, France",97,Paris,Jean Dupont,Avenue,Victor Hugo,75001,France,
"Supermarché Carrefour, 159 Avenue des Champs-Élysées, 31000 Toulouse, France",159,Toulouse,Supermarché Carrefour,Avenue,des Champs-Élysées,31000,France,
"166 Rue Saint-Honoré, 06000 Nice, France",166,Nice,,Rue,Saint-Honoré,06000,France,
"Pierre Lefevre, 41 Avenue Victor Hugo, 13006 Marseille, France",41,Marseille,Pierre Lefevre,Avenue,Victor Hugo,13006,France,
"Nathalie Dubois, 210 Rue de la Paix, 06000 Nice, France",210,Nice,Nathalie Dubois,Rue,de la Paix,06000,France,
"Pharmacie Centrale, 89 Rue Saint-Honoré, 06000 Nice, France",89,Nice,Pharmacie Centrale,Rue,Saint-Honoré,06000,France,
"Jean Dupont, 249 Rue du Faubourg Saint-Antoine, 31000 Toulouse, France",249,Toulouse,Jean Dupont,Rue,du Faubourg Saint-Antoine,31000,France,
"Supermarché Carrefour, 37 Boulevard Haussmann, 33000 Bordeaux, France",37,Bordeaux,Supermarché Carrefour,Boulevard,Haussmann,33000,France,
"217 Boulevard Saint-Michel, 67000 Strasbourg, France",217,Strasbourg,,Boulevard,Saint-Michel,67000,France,
"Pierre Lefevre, 199 Rue Saint-Honoré, 59000 Lille, France",199,Lille,Pierre Lefevre,Rue,Saint-Honoré,59000,France,
"159 Place de la République, 59000 Lille, France",159,Lille,,Place,de la République,59000,France,
"Sophie Martin, 61 Avenue des Champs-Élysées, 31000 Toulouse, France",61,Toulouse,Sophie Martin,Avenue,des Champs-Élysées,31000,France,
"103 Boulevard Haussmann, 67000 Strasbourg, France",103,Strasbourg,,Boulevard,Haussmann,67000,France,
"Boulangerie Paul, 93 Avenue Victor Hugo, 69002 Lyon, France",93,Lyon,Boulangerie Paul,Avenue,Victor Hugo,69002,France,
"Pharmacie Centrale, 94 Boulevard Haussmann, 59000 Lille, France",94,Lille,Pharmacie Centrale,Boulevard,Haussmann,59000,France,
1001 ter Route du col 43000 Mont de Marsan France,1001,Mont de Marsan,,Route,du col,43000,France,ter
